model_type,precision,recall,f1,accuracy
multimodal,0.17777777777777778,0.2222222222222222,0.19444444444444442,0.25
finance_only,0.5,0.5555555555555555,0.48888888888888893,0.625
